method,endpoint,potency_bin,mean_bias,mae,mean_true,n
knn,CYP1A2_pIC50_direct_inhibition,bin0,1.8656395926427807,1.9319813421914438,2.949924486278075,935
knn,CYP1A2_pIC50_direct_inhibition,bin1,0.454122666543662,1.0154659053943662,4.134805832133803,710
knn,CYP1A2_pIC50_direct_inhibition,bin2,-0.007351972208333306,0.8230756359,4.706432497777778,720
knn,CYP1A2_pIC50_direct_inhibition,bin3,-0.2028475083531915,0.7656394193262411,5.105330794340426,2115
knn,CYP1A2_pIC50_direct_inhibition,bin4,-0.7560685031717055,0.9386986939430232,5.854612148437985,2580
knn,CYP2C9_pIC50_direct_inhibition,bin0,1.3550335116194596,1.3955476992410811,3.281675393756757,925
knn,CYP2C9_pIC50_direct_inhibition,bin1,0.5484529266329341,0.7794444129155689,4.175897671497006,1670
knn,CYP2C9_pIC50_direct_inhibition,bin2,-0.18448267327387388,0.6905033820042041,4.666572401246246,1665
knn,CYP2C9_pIC50_direct_inhibition,bin3,-0.5564507689060869,0.734433892227826,5.08405748,1150
knn,CYP2C9_pIC50_direct_inhibition,bin4,-1.0604997216827587,1.1171210812295564,5.719638557881773,1015
knn,CYP2D6_pIC50_direct_inhibition,bin0,2.0195314180551724,2.0688520079655173,2.5431113255431037,580
knn,CYP2D6_pIC50_direct_inhibition,bin1,0.3692929757668831,0.665103756818831,4.310292216896104,1540
knn,CYP2D6_pIC50_direct_inhibition,bin2,0.17181939571590907,0.6431485983922727,4.641717922861364,2200
knn,CYP2D6_pIC50_direct_inhibition,bin3,-0.24662261806216212,0.6652094083824324,5.099903659706081,1480
knn,CYP2D6_pIC50_direct_inhibition,bin4,-0.8623718363909909,1.0183047595957957,5.910856875153153,1665
knn,CYP3A4_pIC50_direct_inhibition,bin0,1.2782253728452877,1.5121679273011015,2.8516247102080783,4085
knn,CYP3A4_pIC50_direct_inhibition,bin1,-0.19215432202034546,0.9050030588395395,4.152234412289827,2605
knn,CYP3A4_pIC50_direct_inhibition,bin2,-0.7574131010783505,1.0454743762402061,4.675880235036082,1940
knn,CYP3A4_pIC50_direct_inhibition,bin3,-0.8600757572325843,1.0538505289067417,5.079501119289326,1780
knn,CYP3A4_pIC50_direct_inhibition,bin4,-1.3363350086600791,1.4040398555944664,5.725896021264822,1265
lgbm,CYP1A2_pIC50_direct_inhibition,bin0,1.5625057859711171,1.5747485462005175,2.949924486278075,935
lgbm,CYP1A2_pIC50_direct_inhibition,bin1,0.502082343257521,0.6574803519932031,4.134805832133803,710
lgbm,CYP1A2_pIC50_direct_inhibition,bin2,0.05456972349253043,0.4576017580628934,4.706432497777778,720
lgbm,CYP1A2_pIC50_direct_inhibition,bin3,-0.12874878340025717,0.4796326083326777,5.105330794340426,2115
lgbm,CYP1A2_pIC50_direct_inhibition,bin4,-0.6355276368170576,0.7307453121080252,5.854612148437985,2580
lgbm,CYP2C9_pIC50_direct_inhibition,bin0,0.9514295584260867,0.972099311327658,3.281675393756757,925
lgbm,CYP2C9_pIC50_direct_inhibition,bin1,0.2833886538730545,0.4314302058279524,4.175897671497006,1670
lgbm,CYP2C9_pIC50_direct_inhibition,bin2,-0.1022318180873123,0.35151842406486034,4.666572401246246,1665
lgbm,CYP2C9_pIC50_direct_inhibition,bin3,-0.40742172629938034,0.48618779284504965,5.08405748,1150
lgbm,CYP2C9_pIC50_direct_inhibition,bin4,-0.872421092495332,0.8849813269861809,5.719638557881773,1015
lgbm,CYP2D6_pIC50_direct_inhibition,bin0,1.8342828906828799,1.8443496203313168,2.5431113255431037,580
lgbm,CYP2D6_pIC50_direct_inhibition,bin1,0.32163053411558074,0.45878622274269704,4.310292216896104,1540
lgbm,CYP2D6_pIC50_direct_inhibition,bin2,0.09744649640685932,0.4360110449994671,4.641717922861364,2200
lgbm,CYP2D6_pIC50_direct_inhibition,bin3,-0.24358962709700255,0.4555772410250747,5.099903659706081,1480
lgbm,CYP2D6_pIC50_direct_inhibition,bin4,-0.8520345839465769,0.8854048949117168,5.910856875153153,1665
lgbm,CYP3A4_pIC50_direct_inhibition,bin0,0.7053797416839624,0.8237430763754465,2.8516247102080783,4085
lgbm,CYP3A4_pIC50_direct_inhibition,bin1,-0.05078312454685752,0.4654363414795678,4.152234412289827,2605
lgbm,CYP3A4_pIC50_direct_inhibition,bin2,-0.44684078584617976,0.5737997945660516,4.675880235036082,1940
lgbm,CYP3A4_pIC50_direct_inhibition,bin3,-0.5182928576480034,0.6026838427516498,5.079501119289326,1780
lgbm,CYP3A4_pIC50_direct_inhibition,bin4,-0.9082174756801084,0.9245804975578134,5.725896021264822,1265
mean,CYP1A2_pIC50_direct_inhibition,bin0,2.006412184637164,2.006412184637164,2.949924486278075,935
mean,CYP1A2_pIC50_direct_inhibition,bin1,0.8203539284381323,0.8203539284381323,4.134805832133803,710
mean,CYP1A2_pIC50_direct_inhibition,bin2,0.2494861637538359,0.2494861637538359,4.706432497777778,720
mean,CYP1A2_pIC50_direct_inhibition,bin3,-0.15024543737868387,0.16440974580319243,5.105330794340426,2115
mean,CYP1A2_pIC50_direct_inhibition,bin4,-0.8995619038135663,0.8995619038135663,5.854612148437985,2580
mean,CYP2C9_pIC50_direct_inhibition,bin0,1.3002697219068766,1.3002697219068766,3.281675393756757,925
mean,CYP2C9_pIC50_direct_inhibition,bin1,0.4054425206620421,0.4054425206620421,4.175897671497006,1670
mean,CYP2C9_pIC50_direct_inhibition,bin2,-0.08609459830322085,0.11709913923082074,4.666572401246246,1665
mean,CYP2C9_pIC50_direct_inhibition,bin3,-0.5030212273627144,0.5030212273627144,5.08405748,1150
mean,CYP2C9_pIC50_direct_inhibition,bin4,-1.1403710509571885,1.1403710509571885,5.719638557881773,1015
mean,CYP2D6_pIC50_direct_inhibition,bin0,2.242604956299828,2.242604956299828,2.5431113255431037,580
mean,CYP2D6_pIC50_direct_inhibition,bin1,0.47421751986097876,0.47421751986097876,4.310292216896104,1540
mean,CYP2D6_pIC50_direct_inhibition,bin2,0.14228797443049715,0.1553447271870647,4.641717922861364,2200
mean,CYP2D6_pIC50_direct_inhibition,bin3,-0.3156156527712192,0.3156156527712192,5.099903659706081,1480
mean,CYP2D6_pIC50_direct_inhibition,bin4,-1.127393106877265,1.127393106877265,5.910856875153153,1665
mean,CYP3A4_pIC50_direct_inhibition,bin0,1.2450411949731675,1.2450411949731675,2.8516247102080783,4085
mean,CYP3A4_pIC50_direct_inhibition,bin1,-0.05611564303860159,0.16904670002636757,4.152234412289827,2605
mean,CYP3A4_pIC50_direct_inhibition,bin2,-0.5802446431445711,0.5802446431445711,4.675880235036082,1940
mean,CYP3A4_pIC50_direct_inhibition,bin3,-0.9836956344855023,0.9836956344855023,5.079501119289326,1780
mean,CYP3A4_pIC50_direct_inhibition,bin4,-1.630089892773279,1.630089892773279,5.725896021264822,1265
ridge,CYP1A2_pIC50_direct_inhibition,bin0,1.555955992562052,1.6352195986138705,2.949924486278075,935
ridge,CYP1A2_pIC50_direct_inhibition,bin1,0.48807635030238583,0.9171799797992178,4.134805832133803,710
ridge,CYP1A2_pIC50_direct_inhibition,bin2,0.025064444282213078,0.8004595132136544,4.706432497777778,720
ridge,CYP1A2_pIC50_direct_inhibition,bin3,-0.14298812331846156,0.8445543643674724,5.105330794340426,2115
ridge,CYP1A2_pIC50_direct_inhibition,bin4,-0.6155433388175775,0.9793600942598762,5.854612148437985,2580
ridge,CYP2C9_pIC50_direct_inhibition,bin0,0.8862613829975422,1.0010114209081495,3.281675393756757,925
ridge,CYP2C9_pIC50_direct_inhibition,bin1,0.25394475451751697,0.5938026943910124,4.175897671497006,1670
ridge,CYP2C9_pIC50_direct_inhibition,bin2,-0.08578272479059323,0.5823413094541267,4.666572401246246,1665
ridge,CYP2C9_pIC50_direct_inhibition,bin3,-0.37224322132171644,0.6697688404478508,5.08405748,1150
ridge,CYP2C9_pIC50_direct_inhibition,bin4,-0.6757858963878858,0.8388478440560665,5.719638557881773,1015
ridge,CYP2D6_pIC50_direct_inhibition,bin0,1.8505450123135962,1.87718360523438,2.5431113255431037,580
ridge,CYP2D6_pIC50_direct_inhibition,bin1,0.2799552711816226,0.768302185069044,4.310292216896104,1540
ridge,CYP2D6_pIC50_direct_inhibition,bin2,0.0718739025448484,0.7479522379911043,4.641717922861364,2200
ridge,CYP2D6_pIC50_direct_inhibition,bin3,-0.2524449463921907,0.7438952438912768,5.099903659706081,1480
ridge,CYP2D6_pIC50_direct_inhibition,bin4,-0.800912440887957,1.0280864072262832,5.910856875153153,1665
ridge,CYP3A4_pIC50_direct_inhibition,bin0,0.5398199912930698,0.9041469831760479,2.8516247102080783,4085
ridge,CYP3A4_pIC50_direct_inhibition,bin1,-0.03278316500212822,0.7530347961728345,4.152234412289827,2605
ridge,CYP3A4_pIC50_direct_inhibition,bin2,-0.36948718622965915,0.7841930414275297,4.675880235036082,1940
ridge,CYP3A4_pIC50_direct_inhibition,bin3,-0.4274090423542663,0.8141214883057608,5.079501119289326,1780
ridge,CYP3A4_pIC50_direct_inhibition,bin4,-0.6070025084391131,0.9022054256660954,5.725896021264822,1265
xgb,CYP1A2_pIC50_direct_inhibition,bin0,1.7137462264632262,1.719953924964207,2.949924486278075,935
xgb,CYP1A2_pIC50_direct_inhibition,bin1,0.5772495108359573,0.6974183636138378,4.134805832133803,710
xgb,CYP1A2_pIC50_direct_inhibition,bin2,0.06405353650956896,0.446520703890037,4.706432497777778,720
xgb,CYP1A2_pIC50_direct_inhibition,bin3,-0.1505840823253953,0.4183527814476221,5.105330794340426,2115
xgb,CYP1A2_pIC50_direct_inhibition,bin4,-0.6892995436816662,0.7392971403248428,5.854612148437985,2580
xgb,CYP2C9_pIC50_direct_inhibition,bin0,1.089995586181235,1.1035125052355987,3.281675393756757,925
xgb,CYP2C9_pIC50_direct_inhibition,bin1,0.34949011203893415,0.4481887842893457,4.175897671497006,1670
xgb,CYP2C9_pIC50_direct_inhibition,bin2,-0.0944620508923065,0.3080459815314447,4.666572401246246,1665
xgb,CYP2C9_pIC50_direct_inhibition,bin3,-0.4201819279469631,0.4757285830735171,5.08405748,1150
xgb,CYP2C9_pIC50_direct_inhibition,bin4,-0.9174768974289917,0.9252268111494264,5.719638557881773,1015
xgb,CYP2D6_pIC50_direct_inhibition,bin0,1.9957249033044,1.9989591603082866,2.5431113255431037,580
xgb,CYP2D6_pIC50_direct_inhibition,bin1,0.36039364505059657,0.45561801945800706,4.310292216896104,1540
xgb,CYP2D6_pIC50_direct_inhibition,bin2,0.12034803178049872,0.3642608915986972,4.641717922861364,2200
xgb,CYP2D6_pIC50_direct_inhibition,bin3,-0.2925677777769412,0.43102591972875615,5.099903659706081,1480
xgb,CYP2D6_pIC50_direct_inhibition,bin4,-0.9492556765386145,0.9654374304478059,5.910856875153153,1665
xgb,CYP3A4_pIC50_direct_inhibition,bin0,0.8551811148211057,0.9145542395633953,2.8516247102080783,4085
xgb,CYP3A4_pIC50_direct_inhibition,bin1,-0.048976711208641006,0.40341002273429827,4.152234412289827,2605
xgb,CYP3A4_pIC50_direct_inhibition,bin2,-0.4733717046159561,0.5669425783457254,4.675880235036082,1940
xgb,CYP3A4_pIC50_direct_inhibition,bin3,-0.6246660826579453,0.6616258126840107,5.079501119289326,1780
xgb,CYP3A4_pIC50_direct_inhibition,bin4,-1.055600393572822,1.0628851867441134,5.725896021264822,1265
